Top pages,Clicks,Impressions,CTR,Position
https://shadedinthesun.com/,0,1085,0%,17.86
https://shadedinthesun.com/graber.html,0,135,0%,35.65
https://shadedinthesun.com/window-shutters.html,0,123,0%,24.17
https://shadedinthesun.com/window-shades.html,0,96,0%,20.51
https://shadedinthesun.com/norman.html,0,93,0%,23.57
https://shadedinthesun.com/best-motorized-blinds-installer-oklahoma-city.html,0,77,0%,26.12
https://shadedinthesun.com/why-is-hunter-douglas-so-expensive.html,0,60,0%,11.58
https://shadedinthesun.com/zebra-shades-stylish-solution.html,0,48,0%,44.85
https://shadedinthesun.com/about.html,0,47,0%,10.23
https://shadedinthesun.com/norman-smartdrape-oklahoma-city.html,0,42,0%,46.38
https://shadedinthesun.com/Types-of-window-blinds.html,0,39,0%,63.1
https://shadedinthesun.com/patio-shades-nichols-hills.html,0,20,0%,4.35
https://shadedinthesun.com/graber-ultralite-lift-system.html,0,18,0%,9.67
https://shadedinthesun.com/blog.html,0,18,0%,25.94
https://shadedinthesun.com/Best-Alternatives-to-Blinds.html,0,17,0%,67
https://shadedinthesun.com/Energy-Saving-Window-Shades-Edmond-and-OKC.html,0,12,0%,79.83
https://shadedinthesun.com/Cool-Your-Edmond-Oklahoma-Sunroom.html,0,10,0%,29.6
https://shadedinthesun.com/contact.html,0,7,0%,18.14
https://shadedinthesun.com/faq.html,0,5,0%,8.8
https://shadedinthesun.com/LuxuryWindowTreatments.html,0,5,0%,73
https://shadedinthesun.com/2025Trends.html,0,4,0%,8.25
https://shadedinthesun.com/Top-Five-Window-Treatment-Trends-in-Oklahoma-City.html,0,4,0%,63.25
https://shadedinthesun.com/best-window-treatment-company-edmond-ok.html,0,3,0%,21
https://shadedinthesun.com/WindowShadeOpacitiesExplained.html,0,3,0%,89.33
https://shadedinthesun.com/drapery-alternatives.html,0,1,0%,5
https://shadedinthesun.com/shades-and-shutters-and-blinds-oh-my.html,0,1,0%,14
https://shadedinthesun.com/fiveCustomBlindReasons.html,0,1,0%,47