Top queries,Clicks,Impressions,CTR,Position
blinds oklahoma city,0,32,0%,18.22
patio shades nichols hills ok,0,25,0%,2.92
graber zebra blinds,0,20,0%,57.7
graber shutters plantation,0,20,0%,65.4
solar shades okc,0,16,0%,3.44
awning and shade companies near me,0,16,0%,89.44
outdoor patio shades north okc,0,15,0%,11.4
outdoor shades oklahoma city,0,15,0%,21.2
outdoor roller shades oklahoma city,0,14,0%,12.29
custom blinds oklahoma city,0,14,0%,14.57
custom sun shades near me,0,13,0%,4
patio shades mustang ok,0,12,0%,9.83
graber simple selections,0,12,0%,59
zebra shades oklahoma city,0,11,0%,2.82
patio shades piedmont ok,0,11,0%,9.18
sun shade companies near me,0,11,0%,15.09
motorized porch shades oklahoma city,0,11,0%,25.73
smartdrape shades greensburg,0,11,0%,70.36
shade installation near me,0,10,0%,21.1
motorized retractable shades oklahoma city,0,10,0%,23.6
patio shades oklahoma city,0,10,0%,23.7
patio shades edmond ok,0,10,0%,35.6
shade sail installers near me,0,10,0%,45.2
patio shades oklahoma city ok,0,10,0%,47.8
custom blinds north okc,0,9,0%,10
blackout shades north oklahoma city,0,9,0%,11.56
outdoor sun shade installation near me,0,9,0%,14.22
oklahoma city outdoor blinds,0,9,0%,19.11
city shade,0,9,0%,20.11
patio shades yukon ok,0,9,0%,43.78
"blind installation oklahoma city, ok",0,9,0%,80
sun shade company,0,8,0%,2.12
energy-efficient shades north okc,0,8,0%,4.62
patio shade installation near me,0,8,0%,17.75
sun shade installation near me,0,8,0%,18.12
sun shade installers near me,0,8,0%,19.5
outdoor shade installation near me,0,8,0%,20.5
shade sail company near me,0,8,0%,22.5
sun shade near me,0,8,0%,28.5
graber banded shades,0,8,0%,63.88
alternative to blinds,0,8,0%,67.12
graber vertical blinds colors,0,8,0%,74
motorized patio shades oklahoma city,0,8,0%,83.62
graber motorized shades cost,0,8,0%,93.75
automated window shades north okc,0,7,0%,6.57
is hunter douglas expensive,0,7,0%,9.29
roller shades oklahoma city,0,7,0%,11.14
custom window treatments oklahoma city,0,7,0%,12.14
custom curtains oklahoma city,0,7,0%,13.14
custom blinds for windows oklahoma city,0,7,0%,16.14
shade company,0,7,0%,33.43
"blinds oklahoma city, ok",0,7,0%,67.86
why are hunter douglas blinds so expensive,0,6,0%,5
sun shade awnings oklahoma city,0,6,0%,62.83
graber mezzanine layered zebra sheer shades,0,6,0%,63.33
oakmont smartdrape shade,0,6,0%,69.17
cellular shades north okc,0,5,0%,7.2
roman shades okc,0,5,0%,12
custom curtains and drapes oklahoma city,0,5,0%,19.4
oklahoma sunrooms,0,5,0%,40.4
oakmont smart drape shade,0,5,0%,63.2
graber window treatments cost,0,5,0%,83.8
graber window products,0,5,0%,97.2
sun shade contractor,0,4,0%,1
sliding-door-window-coverings in oklahoma city,0,4,0%,8.5
plantation shutters north okc,0,4,0%,10.5
window treatment oklahoma city,0,4,0%,10.75
custom blinds okc,0,4,0%,12.75
graber promotions,0,4,0%,82.75
shade structures oklahoma city,0,4,0%,90.25
window shading,0,4,0%,91
graber composite blinds,0,4,0%,93.75
graber window shutters,0,4,0%,95.75
oklahoma city roman shades,0,3,0%,5.67
piedmont ok sheer window shades,0,3,0%,7
oklahoma city cellular shades,0,3,0%,7.67
custom shades edmond,0,3,0%,9
edmond custom blinds and shades,0,3,0%,10.33
custom blinds edmond,0,3,0%,11
oklahoma city office blinds,0,3,0%,12
window shades north oklahoma city,0,3,0%,12
edmond custom window treatments,0,3,0%,13
oklahoma city window treatments,0,3,0%,13
oklahoma city custom window treatments,0,3,0%,13.67
oklahoma city motorized shades,0,3,0%,14
edmond custom window coverings,0,3,0%,14.33
oklahoma city commercial blinds,0,3,0%,14.33
oklahoma city custom window coverings,0,3,0%,15.33
oklahoma city motorized blinds,0,3,0%,15.67
blinds edmond,0,3,0%,16
oklahoma city window coverings,0,3,0%,16
oklahoma city custom blinds and shades,0,3,0%,16.67
oklahoma city plantation shutters,0,3,0%,16.67
oklahoma city wood blinds,0,3,0%,16.67
window covering oklahoma city,0,3,0%,16.67
oklahoma city custom blinds,0,3,0%,18.67
graber blinds near me,0,3,0%,39.33
"lutron shades edmond, ok",0,3,0%,42.33
alternatives to window blinds,0,3,0%,56
energy efficient windows norman,0,3,0%,73.33
what are the 3 levels of light blocking translucent,0,3,0%,89.33
custom shade,0,2,0%,9
shaded in,0,2,0%,9
shade and blinds,0,2,0%,9.5
security shutters nichols hills ok,0,2,0%,10
oklahoma city roller shades,0,2,0%,11.5
edmond window treatments,0,2,0%,12
window covering edmond,0,2,0%,16
sunrooms edmond,0,2,0%,17.5
custom drapes oklahoma city,0,2,0%,18.5
sunshade installation near me,0,2,0%,19.5
custom blinds near me,0,2,0%,32
pool shade installation near me,0,2,0%,49
graber interior shutters,0,2,0%,54.5
energy efficient windows edmond,0,2,0%,58
custom shades fort hancock,0,2,0%,59
commercial motorized shading oklahoma city,0,2,0%,63.5
greensburg smartdrape shade,0,2,0%,84.5
graber vertical cellular shades,0,2,0%,88
shade structures okc,0,2,0%,88
graber shutter,0,2,0%,89.5
blind alternatives,0,2,0%,90
shades in the sun,0,1,0%,1
sun shades window fashions,0,1,0%,2
sun.shades,0,1,0%,2
the shade store,0,1,0%,2
"motorized window shades, edmond, ok",0,1,0%,5
motorized window treatments service,0,1,0%,5
graber,0,1,0%,6
plantation shutters graber,0,1,0%,7
motorized blinds installation near me,0,1,0%,8
motorized blinds okc,0,1,0%,9
blinds and drapes near me,0,1,0%,10
edmond window coverings,0,1,0%,10
window treatment installers near me,0,1,0%,10
motorized shades near me,0,1,0%,11
is hunter douglas blinds expensive,0,1,0%,13
"automatic blinds edmond, ok",0,1,0%,14
custom blinds installation edmond,0,1,0%,14
edmond ok automatic blinds,0,1,0%,16
window treatments okc,0,1,0%,16
oklahoma city outdoor shades,0,1,0%,17
graber wood shutters,0,1,0%,18
graber dealers near me,0,1,0%,19
graber blinds dealers,0,1,0%,25
graber customer service number,0,1,0%,25
lighting control nichols hills,0,1,0%,29
norman smart home solutions,0,1,0%,29
plantation shutters oklahoma city,0,1,0%,29
"motorized blinds oklahoma city, ok",0,1,0%,32
sun sail installation near me,0,1,0%,32
solar shades weston,0,1,0%,34
how expensive are hunter douglas blinds,0,1,0%,37
"lutron shades oklahoma city, ok",0,1,0%,38
"lutron shades, oklahoma city, ok",0,1,0%,38
motorized shades oklahoma city,0,1,0%,38
crestron system installation oklahoma city,0,1,0%,42
patio heating edmond ok,0,1,0%,44
window company edmond,0,1,0%,45
crestron dealer oklahoma city,0,1,0%,47
graber blinds dealers near me,0,1,0%,47
window treatment stores near me,0,1,0%,50
window coverings near me,0,1,0%,54
dealer.graberblinds.com,0,1,0%,67
ultimate shade alternatives,0,1,0%,68
"lutron shades, edmond, ok",0,1,0%,72
local shade,0,1,0%,74
woodlore shutters dealer,0,1,0%,76
sunroom oklahoma city,0,1,0%,79
alternative to blinds for windows,0,1,0%,81
graber window covering,0,1,0%,86
alternatives to blinds for windows,0,1,0%,91
sunrooms oklahoma city,0,1,0%,91
sunrooms mustang,0,1,0%,95
energyâ€‘efficient window shades lower village,0,1,0%,97
graber wood blinds colors,0,1,0%,99
roman shades oakmont,0,1,0%,102
graber roller shades pricing,0,1,0%,104